Dates,HSBA LN Equity,BARC LN Equity,JPM UN Equity,BAC UN Equity
2020-01-01,5.919,1.796,105.10443,26.5508
2020-01-02,5.951,1.852,107.4153,27.13361
2020-01-03,5.944,1.833,105.69988,26.66565
2020-01-06,5.852,1.81,105.03799,26.48176
2020-01-07,5.834,1.831,103.50396,26.37112
2020-01-08,5.813,1.82,104.49447,26.68447
2020-01-09,5.881,1.829,105.22931,26.8203
2020-01-10,5.846,1.81,104.17241,26.59623
2020-01-13,5.908,1.817,105.57907,26.97961
2020-01-14,5.904,1.81,106.58885,27.12333
2020-01-15,5.898,1.785,104.90294,26.6017
2020-01-16,5.909,1.768,104.97935,26.55652
2020-01-17,5.94,1.752,106.11179,26.6508
2020-01-20,5.924,1.75,106.11179,26.6508
2020-01-21,5.856,1.744,104.89039,26.26092
2020-01-22,5.812,1.748,104.10542,26.17107
2020-01-23,5.73,1.715,104.1495,26.02593
2020-01-24,5.794,1.734,101.80442,25.64416
2020-01-27,5.591,1.707,101.11043,25.15699
2020-01-28,5.677,1.72,103.41565,25.5712
2020-01-29,5.663,1.72,103.15862,25.36889
2020-01-30,5.63,1.715,103.77243,25.56701
2020-01-31,5.518,1.68,100.30312,24.87875
2020-02-03,5.557,1.697,102.55286,25.35179
2020-02-04,5.637,1.72,103.81369,25.79804
2020-02-05,5.69,1.73,105.80591,26.69179
2020-02-06,5.735,1.767,106.394,26.80532
2020-02-07,5.813,1.772,106.32509,26.82738
2020-02-10,5.783,1.769,106.69249,26.87064
2020-02-11,5.914,1.79,106.55548,26.84735
2020-02-12,5.954,1.793,106.43221,26.93198
2020-02-13,5.899,1.763,105.60662,26.73866
2020-02-14,5.845,1.759,105.41411,26.72546
2020-02-17,5.907,1.777,105.41411,26.72546
2020-02-18,5.519,1.751,104.30637,26.35343
2020-02-19,5.59,1.767,106.43288,26.87723
2020-02-20,5.597,1.813,106.76347,27.06166
2020-02-21,5.622,1.796,104.67859,26.48374
2020-02-24,5.508,1.7,102.15661,25.29953
2020-02-25,5.397,1.659,97.03351,23.88564
2020-02-26,5.55,1.659,98.1097,23.72947
2020-02-27,5.293,1.544,94.20211,22.60944
2020-02-28,5.239,1.487,90.98817,22.33367
2020-03-02,5.201,1.433,94.87079,22.92919
2020-03-03,5.098,1.396,91.29654,21.66107
2020-03-04,5.122,1.385,93.32658,22.10715
2020-03-05,5.064,1.347,88.08254,20.69712
2020-03-06,4.938,1.309,83.11928,19.77236
2020-03-09,4.7,1.181,71.21408,16.71367
2020-03-10,4.785,1.168,77.905,18.26551
2020-03-11,4.855,1.179,74.67704,17.64202
2020-03-12,4.446,0.975,69.76468,16.25069
2020-03-13,4.659,1.024,84.15128,19.56592
2020-03-16,4.644,0.891,72.21904,16.70617
2020-03-17,4.946,0.878,77.55811,18.18182
2020-03-18,4.91,0.832,72.07664,17.86236
2020-03-19,5,0.837,73.82086,18.34704
2020-03-20,5,0.89,71.8156,16.91752
2020-03-23,4.9,0.847,68.3828,15.6442
2020-03-24,5.15,0.96,75.43291,17.93909
2020-03-25,5.099,1.058,77.68462,17.86924
2020-03-26,4.979,1.08,80.7838,18.70575
2020-03-27,4.666,0.974,73.41497,17.40111
2020-03-30,4.627,0.94,75.48236,17.79285
2020-03-31,4.543,0.941,72.61655,17.12373
2020-04-01,4.11,0.829,68.0597,15.94998
2020-04-02,3.978,0.816,70.76662,16.63432
2020-04-03,3.972,0.802,68.74131,16.38178
2020-04-06,4.147,0.866,72.69625,17.38176
2020-04-07,4.196,0.948,73.46409,17.94456
2020-04-08,4.204,0.927,76.01161,18.90214
2020-04-09,4.289,0.976,82.54478,19.96948
2020-04-10,4.289,0.976,82.54478,19.96948
2020-04-13,4.289,0.976,78.43278,19.10696
2020-04-14,4.275,0.936,75.75157,18.82288
2020-04-15,4.081,0.87,72.40609,17.69679
2020-04-16,4.056,0.871,70.20661,17.22003
2020-04-17,4.144,0.907,76.15618,18.62698
2020-04-20,4.18,0.91,73.57401,18.05054
2020-04-21,3.993,0.865,72.57539,17.63651
2020-04-22,4.056,0.877,72.57514,17.70918
2020-04-23,4.103,0.906,72.31616,17.69274
2020-04-24,4.021,0.886,73.56257,17.98719
2020-04-27,4.163,0.911,76.29415,18.92437
2020-04-28,4.206,0.978,76.67364,19.22272
2020-04-29,4.285,1.102,78.69723,19.92762
2020-04-30,4.1,1.059,76.10873,19.11461
2020-05-01,4.024,1.027,74.5225,18.44482
2020-05-04,3.956,0.997,74.10923,18.44285
2020-05-05,4.012,1.034,73.9431,18.21251
2020-05-06,4.02,1.009,73.0458,18.08545
2020-05-07,4.127,1.054,73.81839,18.48495
2020-05-08,4.127,1.054,74.62566,18.9744
2020-05-11,4.11,1.026,72.88561,18.29229
2020-05-12,4.105,1.02,70.80215,17.79206
2020-05-13,4.046,0.98,68.72495,17.06878
2020-05-14,3.985,0.971,71.75535,17.79946
2020-05-15,3.997,0.975,70.88044,17.69123
2020-05-18,4.147,1.052,74.26108,18.82594
2020-05-19,4.115,1.047,72.38958,18.13209
2020-05-20,4.128,1.067,74.68313,18.73416
2020-05-21,3.989,1.039,73.72854,18.72445
2020-05-22,3.79,1.031,73.52289,18.62109
2020-05-25,3.79,1.031,73.52289,18.62109
2020-05-26,3.876,1.108,77.68139,19.68383
2020-05-27,3.966,1.198,82.82539,21.22722
2020-05-28,3.844,1.226,80.93694,20.14913
2020-05-29,3.701,1.152,79.00463,19.58269
2020-06-01,3.804,1.208,79.10148,19.74328
2020-06-02,3.848,1.195,78.89784,19.81019
2020-06-03,4.018,1.253,82.80654,20.64009
2020-06-04,3.994,1.235,84.46949,21.25228
2020-06-05,4.23,1.314,87.72082,22.16877
2020-06-08,4.208,1.318,89.34478,22.47598
2020-06-09,4.055,1.253,86.73886,22.14375
2020-06-10,4.006,1.24,83.14519,20.85293
2020-06-11,3.763,1.15,76.99192,18.95295
2020-06-12,3.804,1.171,79.87044,19.81766
2020-06-15,3.762,1.161,80.58739,20.01751
2020-06-16,3.838,1.227,81.04503,20.48757
2020-06-17,3.821,1.194,79.31749,19.93303
2020-06-18,3.816,1.186,79.71318,20.17403
2020-06-19,3.914,1.166,79.08312,20.41559
2020-06-22,3.814,1.153,77.62356,19.75289
2020-06-23,3.876,1.169,78.24385,19.80665
2020-06-24,3.808,1.119,76.04434,19.12757
2020-06-25,3.844,1.126,78.87279,19.90338
2020-06-26,3.803,1.11,74.9838,18.74798
2020-06-29,3.848,1.145,75.72057,19.04413
2020-06-30,3.786,1.144,75.98352,19.18572
2020-07-01,3.723,1.135,74.72158,18.63633
2020-07-02,3.891,1.179,74.36,18.69031
2020-07-03,3.835,1.157,74.36,18.69031
2020-07-06,4.087,1.173,76.09131,18.95074
2020-07-07,3.952,1.15,73.50318,18.32006
2020-07-08,3.836,1.144,74.02999,18.32897
2020-07-09,3.733,1.12,72.38699,18.0571
2020-07-10,3.778,1.178,76.24139,19.02273
2020-07-13,3.808,1.196,77.40785,19.17558
2020-07-14,3.838,1.194,78.26745,19.23813
2020-07-15,3.861,1.203,79.23884,19.54553
2020-07-16,3.856,1.186,79.44868,19.01017
2020-07-17,3.796,1.164,78.17154,18.49168
2020-07-20,3.743,1.162,76.91092,18.63884
2020-07-21,3.81,1.166,78.01146,19.16346
2020-07-22,3.705,1.174,77.48292,19.08613
2020-07-23,3.671,1.165,77.66183,19.25461
2020-07-24,3.649,1.136,76.87133,19.04576
2020-07-27,3.531,1.11,75.27383,18.75243
2020-07-28,3.533,1.119,75.16219,18.81372
2020-07-29,3.623,1.05,76.83058,19.47742
2020-07-30,3.471,1.008,74.2879,19.01991
2020-07-31,3.422,1.006,73.77662,18.99382
2020-08-03,3.323,1.038,73.59473,19.13769
2020-08-04,3.367,1.053,73.13433,19.14275
2020-08-05,3.335,1.073,74.05348,19.34181
2020-08-06,3.25,1.058,73.89619,19.35557
2020-08-07,3.256,1.046,76.19997,20.01994
2020-08-10,3.31,1.066,76.9125,20.29805
2020-08-11,3.46,1.118,79.31245,20.56532
2020-08-12,3.571,1.115,78.91751,20.49218
2020-08-13,3.438,1.081,78.26453,20.14526
2020-08-14,3.413,1.092,78.16961,20.20456
2020-08-17,3.387,1.079,76.09708,19.76647
2020-08-18,3.324,1.081,74.28787,19.28976
2020-08-19,3.356,1.102,74.85758,19.36954
2020-08-20,3.29,1.076,73.83227,19.03245
2020-08-21,3.282,1.08,74.41505,19.10078
2020-08-24,3.38,1.104,76.56286,19.6572
2020-08-25,3.348,1.091,76.5831,19.81254
2020-08-26,3.316,1.104,74.98865,19.34312
2020-08-27,3.281,1.105,77.63787,19.7603
2020-08-28,3.302,1.12,77.11413,19.73437
2020-08-31,3.302,1.12,74.89161,19.24054
2020-09-01,3.17,1.059,74.77599,19.19803
2020-09-02,3.205,1.035,76.26801,19.52281
2020-09-03,3.173,1.056,76.40627,19.34851
2020-09-04,3.198,1.069,78.1578,20.03775
2020-09-07,3.231,1.069,78.1578,20.03775
2020-09-08,3.213,1.043,76.5964,19.53239
2020-09-09,3.277,1.049,77.51479,19.60347
2020-09-10,3.246,1.05,77.80982,19.5947
2020-09-11,3.229,1.026,79.02885,19.93901
2020-09-14,3.221,1.036,79.63164,20.01088
2020-09-15,3.228,1.026,77.00302,19.60754
2020-09-16,3.17,1.03,76.8164,19.72417
2020-09-17,3.108,1.005,76.1787,19.59345
2020-09-18,3.04,0.974,75.94008,19.46568
2020-09-21,2.88,0.922,74.51916,19.13213
2020-09-22,2.871,0.92,74.10581,18.81928
2020-09-23,2.903,0.929,72.69734,18.23313
2020-09-24,2.867,0.929,72.66311,18.30301
2020-09-25,2.834,0.916,73.58104,18.49169
2020-09-28,3.086,0.98,74.82104,18.74416
2020-09-29,2.985,0.973,74.17924,18.4923
2020-09-30,3.015,0.976,74.56432,18.65851
2020-10-01,3.046,0.98,75.20552,18.69086
2020-10-02,3.082,0.977,75.7018,18.72245
2020-10-05,3.094,0.995,76.30788,18.9691
2020-10-06,3.143,1.042,75.66191,18.81127
2020-10-07,3.154,1.045,77.19638,19.25846
2020-10-08,3.141,1.071,78.66141,19.50692
2020-10-09,3.094,1.073,77.72657,19.47773
2020-10-12,3.082,1.058,78.41996,19.65858
2020-10-13,3.052,1.021,77.77435,19.25451
2020-10-14,2.966,1.015,76.99754,18.1469
2020-10-15,2.993,1.001,78.71846,18.68906
2020-10-16,3.064,1.018,78.54379,18.7558
2020-10-19,3.093,1.034,76.87567,18.27145
2020-10-20,3.086,1.043,77.56569,18.65533
2020-10-21,3.024,1.027,75.52634,18.27924
2020-10-22,3.069,1.043,78.55834,18.99053
2020-10-23,3.214,1.115,79.65777,19.10681
2020-10-26,3.194,1.105,77.73938,18.84358
2020-10-27,3.301,1.066,76.02755,18.25488
2020-10-28,3.19,1.038,74.31871,18.06774
2020-10-29,3.24,1.047,75.29056,18.23958
2020-10-30,3.246,1.066,75.75336,18.31247
2020-11-02,3.327,1.07,77.68307,18.65943
2020-11-03,3.469,1.134,79.29607,18.9326
2020-11-04,3.325,1.104,77.13318,18.21959
2020-11-05,3.362,1.102,79.65649,18.78626
2020-11-06,3.378,1.109,78.27277,18.48107
2020-11-09,3.74,1.285,88.95822,21.12472
2020-11-10,3.74,1.344,88.02599,20.89597
2020-11-11,3.876,1.355,86.94137,20.70898
2020-11-12,3.725,1.324,86.43641,20.34919
2020-11-13,3.727,1.342,86.50288,20.47316
2020-11-16,3.888,1.388,88.88384,20.89869
2020-11-17,3.766,1.384,87.68313,20.80501
2020-11-18,3.848,1.416,86.72586,20.30251
2020-11-19,3.839,1.389,87.30734,20.3838
2020-11-20,3.809,1.378,86.28559,20.19129
2020-11-23,3.84,1.402,88.54417,20.57542
2020-11-24,3.996,1.502,92.42299,21.71925
2020-11-25,3.983,1.434,91.19647,21.69494
2020-11-26,3.979,1.411,91.19647,21.69494
2020-11-27,4.049,1.395,91.02651,21.76917
2020-11-30,3.883,1.346,88.27979,21.08889
2020-12-01,4.061,1.432,89.23169,21.38013
2020-12-02,4.184,1.469,91.40204,21.76453
2020-12-03,4.214,1.486,89.90064,21.43705
2020-12-04,4.227,1.486,90.80383,21.73978
2020-12-07,4.116,1.463,91.20024,21.76743
2020-12-08,4.004,1.464,91.3037,21.65095
2020-12-09,4.03,1.459,90.53175,21.53915
2020-12-10,4.031,1.418,90.36063,21.87077
2020-12-11,4.006,1.361,90.3977,21.60139
2020-12-14,4.034,1.424,88.71391,21.16235
2020-12-15,4.026,1.447,89.59047,21.32539
2020-12-16,3.97,1.442,89.57761,21.31987
2020-12-17,3.948,1.455,87.94092,21.18607
2020-12-18,3.878,1.45,88.16169,21.22603
2020-12-21,3.811,1.413,92.49832,22.26548
2020-12-22,3.838,1.46,91.09081,21.86868
2020-12-23,3.858,1.518,92.76125,22.28732
2020-12-24,3.86,1.546,91.97814,22.1303
2020-12-25,3.86,1.546,91.97814,22.1303
2020-12-28,3.86,1.546,93.17574,22.39816
2020-12-29,3.836,1.493,92.66864,22.24611
2020-12-30,3.83,1.489,92.18325,22.04574
2020-12-31,3.789,1.467,93.08476,22.2035
2021-01-01,3.789,1.467,93.08476,22.2035
2021-01-04,3.804,1.435,92.78343,22.13622
2021-01-05,3.786,1.432,92.16607,22.19614
2021-01-06,4.162,1.55,96.69239,23.63102
2021-01-07,4.171,1.561,100.28787,24.2545
2021-01-08,4.118,1.529,100.162,23.95434
2021-01-11,4.082,1.512,102.06269,24.44921
2021-01-12,4.128,1.542,102.92132,24.7064
2021-01-13,4.031,1.524,102.89589,24.53079
2021-01-14,4.082,1.529,103.1266,24.83016
2021-01-15,4.032,1.488,101.89622,24.26136
2021-01-18,4.03,1.513,101.89622,24.26136
2021-01-19,4.115,1.469,101.31376,24.05138
2021-01-20,4.08,1.463,99.67014,23.7062
2021-01-21,4.136,1.448,98.34427,23.17287
2021-01-22,4.074,1.431,97.80686,23.06455
2021-01-25,3.981,1.371,96.6496,22.79444
2021-01-26,4.002,1.394,95.81998,22.53131
2021-01-27,4.002,1.343,93.23999,21.75308
2021-01-28,3.954,1.366,94.79091,22.08947
2021-01-29,3.828,1.335,93.87859,21.63286
2021-02-01,3.837,1.348,94.77918,21.90699
2021-02-02,3.915,1.402,97.9043,22.7376
2021-02-03,3.886,1.418,98.94567,23.12198
2021-02-04,3.96,1.458,101.20791,23.79209
2021-02-05,3.925,1.472,100.47331,23.57096
2021-02-08,3.904,1.475,101.97933,24.07946
2021-02-09,3.95,1.477,101.15959,23.88027
2021-02-10,3.987,1.477,100.82299,23.80884
2021-02-11,3.974,1.46,100.83991,23.80711
2021-02-12,4.018,1.459,101.91933,24.07822
2021-02-15,4.105,1.54,101.91933,24.07822
2021-02-16,4.278,1.556,103.96751,24.63164
2021-02-17,4.323,1.544,104.71998,24.83401
2021-02-18,4.192,1.475,104.26096,24.48439
2021-02-19,4.24,1.536,105.55516,24.63096
2021-02-22,4.317,1.543,106.09999,24.96094
2021-02-23,4.28,1.592,106.87624,25.20579
2021-02-24,4.293,1.646,108.68733,25.79959
2021-02-25,4.352,1.625,107.48667,25.54568
2021-02-26,4.262,1.596,105.53603,24.89064
2021-03-01,4.201,1.613,108.12558,25.71305
2021-03-02,4.238,1.622,107.39548,25.43671
2021-03-03,4.329,1.703,109.44814,26.06828
2021-03-04,4.265,1.667,108.12985,26.21373
2021-03-05,4.376,1.716,109.15732,26.71248
2021-03-08,4.555,1.779,110.49209,26.82997
2021-03-09,4.474,1.758,109.30886,26.14831
2021-03-10,4.461,1.74,111.56419,26.87522
2021-03-11,4.251,1.743,110.46528,26.65712
2021-03-12,4.284,1.806,112.16061,27.25183
2021-03-15,4.24,1.803,111.8333,27.17196
2021-03-16,4.228,1.83,110.49449,27.09278
2021-03-17,4.306,1.813,111.9137,27.3849
2021-03-18,4.416,1.838,113.01075,27.91398
2021-03-19,4.309,1.826,111.76428,27.75737
2021-03-22,4.25,1.81,108.88568,27.16192
2021-03-23,4.244,1.811,108.61919,26.81686
2021-03-24,4.237,1.842,109.83738,26.90877
2021-03-25,4.214,1.82,111.04236,27.41301
2021-03-26,4.227,1.83,112.44109,28.04321
2021-03-29,4.181,1.804,110.81434,27.8052
2021-03-30,4.307,1.891,112.60296,28.42044
2021-03-31,4.232,1.859,110.31159,28.03623
2021-04-01,4.232,1.84,111.23091,28.5766
2021-04-02,4.232,1.84,111.23091,28.5766
2021-04-05,4.232,1.84,110.50209,28.62897
2021-04-06,4.269,1.856,110.3603,28.71509
2021-04-07,4.34,1.874,112.74196,29.14423
2021-04-08,4.4,1.88,112.89665,28.89374
2021-04-09,4.374,1.857,113.84862,29.13237
2021-04-12,4.326,1.881,113.47595,29.14939
2021-04-13,4.269,1.868,112.17151,28.62343
2021-04-14,4.289,1.876,109.60423,28.90693
2021-04-15,4.212,1.846,110.37209,28.09893
2021-04-16,4.275,1.892,110.87806,28.31622
2021-04-19,4.281,1.877,109.14486,28.00658
2021-04-20,4.173,1.818,107.08034,27.31707
2021-04-21,4.159,1.807,108.06892,27.79612
2021-04-22,4.155,1.823,106.45814,27.71076
2021-04-23,4.19,1.82,108.39348,28.27656
2021-04-26,4.228,1.861,108.41794,28.37906
2021-04-27,4.404,1.865,108.766,28.67827
2021-04-28,4.434,1.89,109.39993,28.76752
2021-04-29,4.543,1.887,111.31115,29.48644
2021-04-30,4.528,1.755,111.21475,29.30586
2021-05-03,4.528,1.755,110.2754,29.16517
2021-05-04,4.412,1.709,111.95276,29.52189
2021-05-05,4.544,1.768,113.30744,29.77269
2021-05-06,4.552,1.771,115.71254,30.25131
2021-05-07,4.512,1.815,115.3197,30.16736
2021-05-10,4.544,1.855,114.00085,29.73413
2021-05-11,4.4,1.8,111.92376,29.34698
2021-05-12,4.439,1.815,112.00028,29.29293
2021-05-13,4.438,1.782,115.05307,29.80694
2021-05-14,4.488,1.807,116.3439,30.04895
2021-05-17,4.434,1.792,116.4651,30.22845
2021-05-18,4.467,1.803,114.38737,29.70478
2021-05-19,4.433,1.781,113.79432,29.64402
2021-05-20,4.46,1.789,113.42031,29.5275
2021-05-21,4.445,1.79,114.98657,29.97314
2021-05-24,4.466,1.797,115.51882,30.11231
2021-05-25,4.5,1.796,114.45442,29.70794
2021-05-26,4.469,1.793,114.59425,29.76915
2021-05-27,4.502,1.837,115.91903,30.01129
2021-05-28,4.553,1.831,115.68641,29.85842
2021-05-31,4.553,1.831,115.68641,29.85842
2021-06-01,4.463,1.856,117.25867,30.30859
2021-06-02,4.517,1.864,117.14991,30.29277
2021-06-03,4.493,1.863,117.85942,30.67593
2021-06-04,4.44,1.84,117.50918,30.54928
2021-06-07,4.455,1.87,116.82652,30.40903
2021-06-08,4.443,1.852,116.62426,30.30817
2021-06-09,4.381,1.805,115.44566,29.98441
2021-06-10,4.361,1.791,113.22886,29.42962
2021-06-11,4.369,1.804,113.64055,29.67742
2021-06-14,4.395,1.794,111.64883,29.30631
2021-06-15,4.361,1.792,110.22873,29.40048
2021-06-16,4.381,1.771,110.80621,29.51145
2021-06-17,4.394,1.788,109.21128,28.64134
2021-06-18,4.294,1.719,107.04878,28.06484
2021-06-21,4.266,1.729,108.00546,28.53963
2021-06-22,4.238,1.725,107.76239,28.67494
2021-06-23,4.209,1.728,108.22889,28.79037
2021-06-24,4.246,1.744,109.59327,29.34033
2021-06-25,4.276,1.748,110.81139,29.93814
2021-06-28,4.204,1.715,111.14872,29.93158
2021-06-29,4.213,1.732,111.36479,29.54266
2021-06-30,4.173,1.711,112.71014,29.87681
2021-07-01,4.234,1.753,114.10722,30.1758
2021-07-02,4.167,1.724,113.03245,29.8102
2021-07-05,4.231,1.777,113.03245,29.8102
2021-07-06,4.165,1.715,111.33609,29.08048
2021-07-07,4.18,1.725,111.3213,28.81061
2021-07-08,4.106,1.676,109.59123,28.15654
2021-07-09,4.141,1.734,112.40439,28.89306
2021-07-12,4.129,1.727,113.81645,29.26812
2021-07-13,4.122,1.7,112.44762,28.79642
2021-07-14,4.111,1.707,111.96766,28.04966
2021-07-15,4.088,1.691,112.44033,28.08477
2021-07-16,4.032,1.654,110.25548,27.52214
2021-07-19,3.918,1.593,107.5128,27.01536
2021-07-20,3.958,1.617,109.83859,27.65224
2021-07-21,4.019,1.672,111.59293,28.07709
2021-07-22,4.007,1.653,109.63969,27.57519
2021-07-23,4.016,1.671,109.4847,27.40025
2021-07-26,4.029,1.694,109.66879,27.57449
2021-07-27,4.033,1.694,109.07454,27.35326
2021-07-28,3.966,1.728,109.25459,27.46129
2021-07-29,4.01,1.762,109.55961,27.69782
2021-07-30,3.975,1.745,109.2021,27.59911
2021-08-02,3.961,1.759,108.79453,27.31918
2021-08-03,3.981,1.764,109.85845,27.69994
2021-08-04,4.004,1.788,108.82141,27.53634
2021-08-05,4.029,1.797,109.93468,28.00948
2021-08-06,4.099,1.827,113.58719,28.95572
2021-08-09,4.108,1.844,113.61207,29.36886
2021-08-10,4.1,1.854,115.13049,29.95012
2021-08-11,4.127,1.865,116.11788,30.22552
2021-08-12,4.1,1.843,117.09488,30.5059
2021-08-13,4.115,1.851,115.36742,30.02091
2021-08-16,4.052,1.829,114.78405,29.82089
2021-08-17,4.059,1.822,114.38042,29.93371
2021-08-18,4.055,1.824,113.15732,29.66761
2021-08-19,3.941,1.789,112.99253,29.4346
2021-08-20,3.961,1.793,113.53097,29.62284
2021-08-23,3.953,1.806,114.19618,29.81344
2021-08-24,3.904,1.818,114.90308,30.22883
2021-08-25,3.988,1.851,117.13495,30.68132
2021-08-26,3.955,1.845,118.03985,30.67941
2021-08-27,3.95,1.858,118.34083,30.83902
2021-08-30,3.95,1.858,116.64122,30.28717
2021-08-31,3.862,1.849,116.31035,30.35922
2021-09-01,3.868,1.84,115.87348,29.88247
2021-09-02,3.873,1.855,116.00636,29.65587
2021-09-03,3.845,1.847,114.95603,29.58772
2021-09-06,3.873,1.856,114.95603,29.58772
2021-09-07,3.825,1.854,115.45323,29.96374
2021-09-08,3.806,1.824,115.09694,29.61295
2021-09-09,3.765,1.817,114.88057,29.53742
2021-09-10,3.754,1.803,113.58452,29.06742
2021-09-13,3.804,1.841,115.53917,29.58948
2021-09-14,3.729,1.809,113.41613,28.76742
2021-09-15,3.725,1.799,114.3849,29.03016
2021-09-16,3.689,1.827,114.69927,29.34775
2021-09-17,3.761,1.827,114.70139,29.46097
2021-09-20,3.617,1.749,112.10789,28.66461
2021-09-21,3.598,1.75,111.97482,28.64149
2021-09-22,3.754,1.812,114.19468,29.40013
2021-09-23,3.769,1.84,117.26446,30.33103
2021-09-24,3.754,1.837,119.18129,30.80409
2021-09-27,3.859,1.878,121.82986,31.56282
2021-09-28,3.854,1.863,122.74945,31.89948
2021-09-29,3.935,1.878,123.61266,32.08194
2021-09-30,3.901,1.896,121.60315,31.53555
2021-10-01,3.887,1.879,123.24312,31.76757
2021-10-04,3.842,1.873,122.68519,31.84891
2021-10-05,3.93,1.946,123.6329,32.4146
2021-10-06,4.063,1.919,124.7012,32.63981
2021-10-07,4.161,1.937,124.86419,32.38878
2021-10-08,4.196,1.952,125.00551,32.56224
2021-10-11,4.308,1.977,122.43938,32.16752
2021-10-12,4.29,1.975,121.70457,32.04534
2021-10-13,4.246,1.929,118.01789,31.62293
2021-10-14,4.26,1.944,119.45195,32.93387
2021-10-15,4.342,1.978,121.10045,33.70403
2021-10-18,4.328,1.995,121.27722,33.69985
2021-10-19,4.321,1.995,122.17873,33.68848
2021-10-20,4.333,1.984,123.52856,34.04917
2021-10-21,4.348,1.969,122.83499,33.93724
2021-10-22,4.348,1.989,124.8855,34.58379
2021-10-25,4.431,2.006,124.23868,34.53013
2021-10-26,4.472,2.028,124.56395,34.85465
2021-10-27,4.447,1.995,122.07594,34.21589
2021-10-28,4.404,1.993,123.52088,34.64327
2021-10-29,4.415,2.023,124.25218,34.94478
2021-11-01,4.465,2.008,124.30454,35.02928
2021-11-02,4.446,1.985,125.17072,35.15677
2021-11-03,4.445,1.995,124.84809,35.41255
2021-11-04,4.335,1.915,124.73318,35.08005
2021-11-05,4.373,1.924,124.55529,34.81322
2021-11-08,4.342,1.924,124.69391,34.91665
2021-11-09,4.297,1.9,123.68596,34.55953
2021-11-10,4.313,1.928,124.5412,35.09176
2021-11-11,4.336,1.966,125.36275,35.51982
2021-11-12,4.342,1.953,124.31828,34.95008
2021-11-15,4.367,1.96,124.08552,35.05178
2021-11-16,4.4,1.958,123.1365,35.05846
2021-11-17,4.396,1.957,121.9109,34.47484
2021-11-18,4.39,1.953,120.79567,34.31619
2021-11-19,4.317,1.91,119.58977,33.7396
2021-11-22,4.369,1.947,122.7042,34.55278
2021-11-23,4.43,1.938,125.82623,35.51667
2021-11-24,4.434,1.934,125.31712,35.75021
2021-11-25,4.438,1.955,125.31712,35.75021
2021-11-26,4.141,1.817,121.44143,34.31828
2021-11-29,4.165,1.833,121.21645,34.27562
2021-11-30,4.194,1.842,119.74517,33.52684
2021-12-01,4.292,1.897,118.68751,32.95497
2021-12-02,4.316,1.872,121.1923,33.7468
2021-12-03,4.297,1.867,119.58148,33.14195
2021-12-06,4.373,1.871,120.83899,33.3107
2021-12-07,4.435,1.867,122.90769,33.80207
2021-12-08,4.403,1.859,121.40968,33.36103
2021-12-09,4.405,1.828,121.4502,33.67393
2021-12-10,4.387,1.825,120.45523,33.55442
2021-12-13,4.313,1.781,119.51866,32.98267
2021-12-14,4.347,1.801,120.29785,33.36105
2021-12-15,4.323,1.765,119.54284,33.25764
2021-12-16,4.483,1.821,120.43697,33.78632
2021-12-17,4.454,1.808,118.2113,33.08951
2021-12-20,4.418,1.786,116.52411,32.66974
2021-12-21,4.452,1.843,117.81267,33.35346
2021-12-22,4.446,1.858,117.31676,33.15116
2021-12-23,4.479,1.874,117.20078,33.10478
2021-12-24,4.477,1.874,117.20078,33.10478
2021-12-27,4.477,1.874,117.67857,33.21429
2021-12-28,4.477,1.874,118.07085,33.26883
2021-12-29,4.494,1.885,117.60866,33.1034
2021-12-30,4.486,1.881,117.51446,33.01943
2021-12-31,4.486,1.87,116.99298,32.87034
2022-01-03,4.486,1.87,120.03563,34.28105
2022-01-04,4.715,1.967,123.98788,35.45361
2022-01-05,4.683,1.979,120.52395,34.71926
2022-01-06,4.783,2.004,122.32651,35.57017
2022-01-07,4.823,2.053,123.09278,36.21502
2022-01-10,4.92,2.079,123.36504,36.07609
2022-01-11,4.95,2.07,123.00066,36.13865
2022-01-12,5.012,2.118,122.88612,35.64602
2022-01-13,5.13,2.171,122.67921,35.5575
2022-01-14,5.166,2.155,115.61951,35.08348
2022-01-17,5.19,2.148,115.61951,35.08348
2022-01-18,5.16,2.098,111.41637,34.07233
2022-01-19,5.125,2.069,109.2984,34.0819
2022-01-20,5.103,2.056,108.35841,33.57305
2022-01-21,5.054,1.992,107.01483,33.13417
2022-01-24,4.922,1.904,107.72146,33.10791
2022-01-25,5.094,1.967,108.55682,33.65684
2022-01-26,5.227,2.022,109.3921,33.94468
2022-01-27,5.383,2.036,108.65924,34.00135
2022-01-28,5.283,1.969,109.50034,34.25947
2022-01-31,5.276,1.972,110.59016,34.33802
2022-02-01,5.435,2.011,111.91322,34.75492
2022-02-02,5.464,2.031,110.42863,34.5338
2022-02-03,5.463,2.044,109.27396,34.11964
2022-02-04,5.45,2.006,112.71518,35.67048
2022-02-07,5.569,2.05,113.24258,35.88814
2022-02-08,5.635,2.062,115.14324,36.45895
2022-02-09,5.608,2.08,115.66585,36.39855
2022-02-10,5.617,2.087,114.56803,36.03438
2022-02-11,5.672,2.061,113.16815,35.2327
2022-02-14,5.582,1.956,112.69677,35.04545
2022-02-15,5.548,1.985,114.33639,35.31629
2022-02-16,5.483,1.96,114.13003,35.10787
2022-02-17,5.401,1.926,111.14944,33.81533
2022-02-18,5.444,1.912,112.00766,33.83641
2022-02-21,5.468,1.914,112.00766,33.83641
2022-02-22,5.47,1.902,111.71841,33.51479
2022-02-23,5.478,1.96,109.72622,33.04553
2022-02-24,5.137,1.794,108.13136,32.6152
2022-02-25,5.38,1.889,110.55738,33.63718
2022-02-28,5.146,1.829,105.89202,33.00724
2022-03-01,4.954,1.732,102.4938,31.90115
2022-03-02,5.078,1.77,104.2593,32.30781
2022-03-03,4.954,1.689,103.71231,31.86591
2022-03-04,4.677,1.568,101.60266,30.95706
2022-03-07,4.661,1.516,98.54332,29.24039
2022-03-08,4.704,1.523,97.6854,29.38176
2022-03-09,4.89,1.618,101.22895,31.13336
2022-03-10,4.755,1.578,100.67186,31.05054
2022-03-11,4.797,1.611,98.81929,30.9208
2022-03-14,4.895,1.7,99.92324,31.62662
2022-03-15,4.797,1.682,101.57951,31.82027
2022-03-16,4.944,1.752,105.73764,32.69921
2022-03-17,5.006,1.717,106.42418,32.67522
2022-03-18,5.01,1.706,106.22488,32.52711
2022-03-21,5.008,1.685,105.98012,32.51119
2022-03-22,5.166,1.729,107.62149,33.33836
2022-03-23,5.097,1.7,105.8298,32.62417
2022-03-24,5.176,1.683,106.81801,32.70063
2022-03-25,5.168,1.673,107.55589,33.14134
2022-03-28,5.187,1.605,107.6165,33.26967
2022-03-29,5.27,1.564,107.88629,33.19578
2022-03-30,5.266,1.514,106.92331,32.71455
2022-03-31,5.254,1.483,103.75219,31.37225
2022-04-01,5.289,1.47,103.25067,31.20946
2022-04-04,5.251,1.463,103.71642,31.15842
2022-04-05,5.277,1.47,101.90294,30.67635
2022-04-06,5.242,1.433,100.55827,30.36097
2022-04-07,5.214,1.406,100.42133,30.17466
2022-04-08,5.3,1.446,102.43247,30.44045
2022-04-11,5.333,1.449,102.11132,30.39539
2022-04-12,5.193,1.433,101.01367,30.07986
2022-04-13,5.182,1.443,97.2201,29.64717
2022-04-14,5.224,1.459,96.59187,28.77384
2022-04-15,5.224,1.459,96.59187,28.77384
2022-04-18,5.224,1.459,98.73943,29.86164
2022-04-19,5.256,1.457,100.80726,30.42208
2022-04-20,5.38,1.489,100.81986,30.38848
2022-04-21,5.369,1.501,100.1611,29.8504
2022-04-22,5.233,1.467,98.78476,29.25917
2022-04-25,5.016,1.442,99.58366,29.29301
2022-04-26,4.739,1.43,97.54202,28.90105
2022-04-27,4.863,1.419,96.61813,28.84539
2022-04-28,4.941,1.463,98.957,29.53306
2022-04-29,5.013,1.482,94.89585,28.36699
2022-05-02,5.013,1.482,96.37542,28.91663
2022-05-03,5.128,1.51,98.51858,29.73254
2022-05-04,5.154,1.506,101.72883,30.91084
2022-05-05,5.08,1.498,100.43767,30.42633
2022-05-06,5.02,1.486,100.12139,30.30671
2022-05-09,4.927,1.46,98.68805,29.45416
2022-05-10,4.957,1.436,96.58002,29.04955
2022-05-11,4.994,1.473,96.12693,28.94223
2022-05-12,4.834,1.459,96.81759,28.76476
2022-05-13,5.014,1.504,97.32756,28.74305
2022-05-16,4.986,1.517,96.33431,28.35614
2022-05-17,5.024,1.559,97.8928,28.83583
2022-05-18,4.955,1.552,96.97973,28.16765
2022-05-19,4.859,1.533,94.65557,27.5622
2022-05-20,4.908,1.527,94.08275,27.14881
2022-05-23,5.01,1.577,99.14067,28.54074
2022-05-24,5.189,1.628,100.80574,28.44037
2022-05-25,5.213,1.639,101.53208,28.59879
2022-05-26,5.253,1.677,102.93439,29.16103
2022-05-27,5.324,1.704,104.12469,29.36464
2022-05-30,5.286,1.712,104.12469,29.36464
2022-05-31,5.33,1.691,104.77813,29.47702
2022-06-01,5.296,1.678,104.17803,29.40658
2022-06-02,5.296,1.678,104.92012,29.17097
2022-06-03,5.296,1.678,104.0032,28.9173
2022-06-06,5.335,1.714,103.45295,28.82775
2022-06-07,5.293,1.69,103.28754,28.86524
2022-06-08,5.202,1.686,102.00829,28.60217
2022-06-09,5.118,1.659,100.12785,27.57491
2022-06-10,4.991,1.598,97.10828,26.94338
2022-06-13,5.029,1.561,95.27682,26.30195
2022-06-14,5.204,1.568,95.08962,26.22759
2022-06-15,5.306,1.608,95.66479,26.56664
2022-06-16,5.116,1.536,91.62359,25.72698
2022-06-17,5.087,1.559,92.73115,26.18755
2022-06-20,5.375,1.601,92.73115,26.18755
2022-06-21,5.388,1.604,94.38559,26.76825
2022-06-22,5.336,1.613,93.9095,26.5797
2022-06-23,5.266,1.541,93.16323,26.23487
2022-06-24,5.373,1.589,95.62312,26.33466
2022-06-27,5.386,1.586,94.68717,26.32007
2022-06-28,5.458,1.6,94.98114,26.45563
2022-06-29,5.521,1.568,95.11632,26.28279
2022-06-30,5.356,1.531,92.47762,25.56459
2022-07-01,5.344,1.532,94.67873,26.19957
2022-07-04,5.397,1.555,94.67873,26.19957
2022-07-05,5.231,1.475,94.44817,26.19926
2022-07-06,5.187,1.469,93.95415,26.01394
2022-07-07,5.356,1.51,95.53631,26.53231
2022-07-08,5.258,1.52,95.14935,26.44979
2022-07-11,5.277,1.51,94.96802,26.47257
2022-07-12,5.298,1.521,94.8451,26.3286
2022-07-13,5.272,1.492,93.86848,25.86814
2022-07-14,5.124,1.455,91.68081,25.57725
2022-07-15,5.139,1.503,95.27625,27.20371
2022-07-18,5.198,1.542,93.33723,26.93496
2022-07-19,5.234,1.582,95.40306,27.77315
2022-07-20,5.178,1.576,95.67324,27.86502
2022-07-21,5.234,1.59,96.48594,28.15428
2022-07-22,5.152,1.578,95.45833,27.80735
2022-07-25,5.265,1.607,95.61032,27.98938
2022-07-26,5.245,1.569,94.32017,27.48441
2022-07-27,5.242,1.577,95.72224,27.90099
2022-07-28,5.134,1.503,94.64963,27.46908
2022-07-29,5.137,1.572,94.79826,27.78371
2022-08-01,5.452,1.598,93.02761,27.45785
2022-08-02,5.344,1.6,92.05011,27.05093
2022-08-03,5.434,1.633,93.56008,27.7032
2022-08-04,5.408,1.625,92.50782,27.49877
2022-08-05,5.419,1.64,95.84368,28.11724
2022-08-08,5.455,1.66,94.68411,27.7304
2022-08-09,5.535,1.659,95.48953,28.0725
2022-08-10,5.45,1.698,96.66068,28.63325
2022-08-11,5.489,1.69,98.28207,29.37664
2022-08-12,5.505,1.716,100.69256,29.92827
2022-08-15,5.47,1.716,101.33223,29.99586
2022-08-16,5.498,1.705,102.32577,30.3261
2022-08-17,5.451,1.687,101.81894,30.24086
2022-08-18,5.407,1.685,101.90165,30.3929
2022-08-19,5.368,1.653,100.32135,30.00423
2022-08-22,5.382,1.631,99.0828,29.4862
2022-08-23,5.313,1.636,97.49346,29.04043
2022-08-24,5.212,1.626,98.2605,29.29147
2022-08-25,5.225,1.642,100.28762,29.72676
2022-08-26,5.23,1.621,97.55828,28.95185
2022-08-29,5.23,1.621,97.58574,28.91998
2022-08-30,5.295,1.647,98.19758,29.25929
2022-08-31,5.288,1.645,97.83226,28.91183
2022-09-01,5.208,1.614,99.28039,29.01855
2022-09-02,5.349,1.686,98.67234,29.00902
2022-09-05,5.368,1.665,98.67234,29.00902
2022-09-06,5.337,1.679,98.64701,28.67303
2022-09-07,5.23,1.641,100.82645,29.204
2022-09-08,5.255,1.663,103.29211,30.17767
2022-09-09,5.25,1.688,102.7239,30.11809
2022-09-12,5.36,1.74,102.98061,30.12213
2022-09-13,5.296,1.719,100.99792,29.50364
2022-09-14,5.189,1.699,100.4064,29.28664
2022-09-15,5.297,1.722,102.66527,30.05836
2022-09-16,5.296,1.711,102.72879,29.9377
2022-09-19,5.296,1.711,103.48572,30.38185
2022-09-20,5.341,1.709,101.74807,30.01581
2022-09-21,5.249,1.678,99.42549,29.29998
2022-09-22,5.15,1.663,98.73047,28.85298
2022-09-23,5.1,1.619,100.1652,29.12078
2022-09-26,5.016,1.608,99.98128,29.05159
2022-09-27,4.957,1.558,99.14762,28.63432
2022-09-28,4.835,1.511,99.42915,28.60694
2022-09-29,4.67,1.447,95.98553,27.72152
2022-09-30,4.673,1.443,93.89039,27.13387
2022-10-03,4.614,1.451,95.5392,27.57183
2022-10-04,4.82,1.507,98.44609,28.26713
2022-10-05,4.724,1.476,97.76813,28.2703
2022-10-06,4.713,1.448,97.03877,28.23044
2022-10-07,4.67,1.435,95.49468,27.7077
2022-10-10,4.628,1.432,95.21175,27.80448
2022-10-11,4.545,1.402,91.34564,26.67085
2022-10-12,4.491,1.357,93.65452,26.99087
2022-10-13,4.593,1.425,96.53985,27.97246
2022-10-14,4.588,1.428,99.62369,28.40247
2022-10-17,4.713,1.454,101.72081,29.51712
2022-10-18,4.658,1.475,105.04729,30.83179
2022-10-19,4.74,1.443,104.08254,30.30195
2022-10-20,4.729,1.453,103.18081,29.94225
2022-10-21,4.779,1.45,108.5524,31.03908
2022-10-24,4.751,1.489,108.54102,31.10421
2022-10-25,4.427,1.502,106.97472,30.8544
2022-10-26,4.44,1.498,106.89002,30.74671
2022-10-27,4.502,1.503,107.66439,30.99456
2022-10-28,4.422,1.464,108.79282,31.21926
2022-10-31,4.473,1.478,109.76631,31.42658
2022-11-01,4.586,1.503,111.57061,31.51663
2022-11-02,4.568,1.501,110.66853,31.45646
2022-11-03,4.632,1.495,113.80514,32.11058
2022-11-04,4.9,1.535,115.30927,32.46272
2022-11-07,4.794,1.526,114.05626,32.13231
2022-11-08,4.787,1.542,113.53429,32.05217
2022-11-09,4.767,1.544,114.01705,32.09421
2022-11-10,4.741,1.57,116.00824,32.74648
2022-11-11,4.702,1.582,114.67073,32.55361
2022-11-14,4.803,1.576,113.88842,32.11431
2022-11-15,4.8,1.572,111.78944,31.70198
2022-11-16,4.755,1.544,111.91257,31.40815
2022-11-17,4.812,1.567,111.97094,31.40154
2022-11-18,4.789,1.582,112.66942,31.30735
2022-11-21,4.835,1.579,112.82117,31.63741
2022-11-22,4.869,1.579,113.6509,31.55193
2022-11-23,4.892,1.583,113.44971,31.26351
2022-11-24,4.895,1.594,113.44971,31.26351
2022-11-25,4.92,1.591,113.05498,31.1699
2022-11-28,4.886,1.582,111.949,30.71411
2022-11-29,5.103,1.61,114.07568,30.90803
2022-11-30,5.097,1.612,115.69957,31.6922
2022-12-01,4.979,1.583,111.12561,29.8124
2022-12-02,4.985,1.568,110.09204,29.38829
2022-12-05,5,1.563,107.83944,28.29585
2022-12-06,4.986,1.588,108.07326,27.1025
2022-12-07,4.939,1.574,107.57526,26.78338
2022-12-08,4.953,1.568,108.61533,26.51627
2022-12-09,4.962,1.595,107.56084,26.35306
2022-12-12,4.964,1.581,109.27373,26.64875
2022-12-13,5.001,1.618,108.41756,26.48177
2022-12-14,4.977,1.603,107.42411,25.99243
2022-12-15,4.927,1.552,106.99893,26.12879
2022-12-16,4.923,1.544,106.14943,26.02627
2022-12-19,4.958,1.554,106.77284,26.31968
2022-12-20,5.028,1.557,107.62579,26.5091
2022-12-21,5.113,1.581,109.50369,27.07764
2022-12-22,5.123,1.571,108.69312,26.94451
2022-12-23,5.103,1.577,108.91894,26.93935
2022-12-26,5.103,1.577,108.91894,26.93935
2022-12-27,5.103,1.577,109.6554,27.07674
2022-12-28,5.18,1.589,109.98007,27.20857
2022-12-29,5.188,1.593,110.38197,27.45878
2022-12-30,5.157,1.585,110.84477,27.37643
2023-01-02,5.157,1.585,110.84477,27.37643
2023-01-03,5.299,1.636,112.92938,28.00669
2023-01-04,5.435,1.681,113.02834,28.29438
2023-01-05,5.653,1.724,113.67263,28.61342
2023-01-06,5.686,1.721,114.1415,28.47331
2023-01-09,5.632,1.726,112.64453,27.79008
2023-01-10,5.641,1.716,114.08346,28.08462
2023-01-11,5.696,1.735,115.19677,28.364
2023-01-12,5.818,1.771,114.06493,28.1871
2023-01-13,5.912,1.807,117.1349,28.85576
2023-01-16,5.961,1.825,117.1349,28.85576
2023-01-17,5.912,1.809,114.82629,28.15201
2023-01-18,5.907,1.821,110.61882,27.31249
2023-01-19,5.855,1.774,108.90649,26.85687
2023-01-20,5.926,1.784,109.04981,27.32704
2023-01-23,5.921,1.799,110.97906,27.74679
2023-01-24,5.948,1.798,112.32354,28.04641
2023-01-25,5.985,1.817,112.35665,28.16185
2023-01-26,6.039,1.85,113.11515,28.55758
2023-01-27,6.005,1.858,113.23434,28.60717
2023-01-30,6.02,1.867,112.53741,28.55294
2023-01-31,5.964,1.858,113.5486,28.78468
2023-02-01,6.013,1.865,113.46935,29.1985
2023-02-02,5.91,1.884,113.47599,29.50833
2023-02-03,5.967,1.886,116.84472,30.16977
2023-02-06,5.96,1.865,118.14852,30.27806
2023-02-07,6.05,1.888,118.86636,30.42615
2023-02-08,6.124,1.897,118.04038,30.20523
2023-02-09,6.158,1.896,115.64816,29.41855
2023-02-10,6.106,1.857,117.05536,29.52942
2023-02-13,6.137,1.863,117.48661,29.37783
2023-02-14,6.092,1.873,117.65673,29.26629
2023-02-15,6.123,1.726,119.78342,29.62099
2023-02-16,6.184,1.747,118.01614,29.35841
2023-02-17,6.211,1.735,118.33611,29.40932
2023-02-20,6.207,1.759,118.33611,29.40932
2023-02-21,6.475,1.714,115.13028,28.46306
2023-02-22,6.361,1.728,114.75899,28.39987
2023-02-23,6.301,1.726,116.40137,28.55238
2023-02-24,6.357,1.706,117.97254,28.6372
2023-02-27,6.318,1.726,117.88706,28.36885
2023-02-28,6.356,1.746,118.47107,28.34711
2023-03-01,6.403,1.744,118.56442,28.39558
2023-03-02,6.19,1.718,118.20848,28.06268
2023-03-03,6.183,1.715,119.61699,28.44296
2023-03-06,6.178,1.723,118.61141,28.3116
2023-03-07,6.243,1.689,116.9789,27.8481
2023-03-08,6.307,1.689,116.47367,27.52092
2023-03-09,6.211,1.634,109.29979,25.61006
2023-03-10,5.926,1.574,110.8209,25.0995
2023-03-13,5.681,1.475,107.80287,23.41684
2023-03-14,5.77,1.521,110.62536,23.63382
2023-03-15,5.484,1.382,106.38686,23.63139
2023-03-16,5.581,1.424,108.0043,23.93028
2023-03-17,5.421,1.396,103.2499,22.83135
2023-03-20,5.417,1.364,103.63547,22.61982
2023-03-21,5.54,1.431,106.98189,23.42867
2023-03-22,5.646,1.427,103.84584,22.56879
2023-03-23,5.482,1.398,103.12195,21.92683
2023-03-24,5.34,1.339,102.14245,22.19315
2023-03-27,5.411,1.37,104.60799,23.19466
2023-03-28,5.411,1.372,104.407,22.7803
2023-03-29,5.54,1.42,104.9151,23.2919
2023-03-30,5.553,1.448,103.94801,22.84838
2023-03-31,5.497,1.458,105.53126,23.16165
2023-04-03,5.564,1.483,104.99314,23.06203
2023-04-04,5.512,1.465,102.78534,22.39475
2023-04-05,5.542,1.477,102.48153,22.19724
2023-04-06,5.629,1.516,102.27875,22.33812
2023-04-07,5.629,1.516,102.27875,22.33812
2023-04-10,5.629,1.516,103.34545,22.57778
2023-04-11,5.624,1.525,103.56999,23.13643
2023-04-12,5.616,1.531,102.93175,22.8132
2023-04-13,5.673,1.529,102.95315,22.79512
2023-04-14,5.843,1.579,111.83394,23.79686
2023-04-17,5.781,1.543,113.16769,24.57915
2023-04-18,5.746,1.55,113.76619,24.58766
2023-04-19,5.734,1.554,113.4115,24.1407
2023-04-20,5.751,1.545,113.10949,24.01799
2023-04-21,5.737,1.532,113.06516,24.03057
2023-04-24,5.733,1.542,112.87295,23.8691
2023-04-25,5.663,1.515,111.02419,23.25806
2023-04-26,5.717,1.539,108.46166,22.81039
2023-04-27,5.754,1.62,109.93903,23.17504
2023-04-28,5.738,1.599,109.93241,23.28429
2023-05-01,5.738,1.599,113.02329,23.24502
2023-05-02,5.939,1.549,111.32302,22.56591
2023-05-03,5.932,1.533,108.34196,22.19743
2023-05-04,5.84,1.482,106.47825,21.42744
2023-05-05,5.998,1.532,108.1205,21.91033
2023-05-08,5.998,1.532,108.45004,21.90838
2023-05-09,5.993,1.536,108.1589,21.93149
2023-05-10,6.011,1.532,108.1458,21.64818
2023-05-11,5.936,1.535,108.72692,21.88924
2023-05-12,5.997,1.539,107.69354,21.75554
2023-05-15,6.11,1.55,107.89915,22.06176
2023-05-16,6.057,1.544,107.5851,21.9143
2023-05-17,6.03,1.56,110.72457,22.84869
2023-05-18,6.129,1.581,112.5363,22.96709
2023-05-19,6.108,1.594,111.63873,22.54753
2023-05-22,6.172,1.601,111.12632,22.8162
2023-05-23,6.178,1.634,110.01128,23.01869
2023-05-24,6.002,1.587,109.39218,22.71258
2023-05-25,6.064,1.57,110.22016,22.88569
2023-05-26,6.108,1.573,110.93649,22.93422
2023-05-29,6.108,1.573,110.93649,22.93422
2023-05-30,6.001,1.558,110.87272,22.794
2023-05-31,5.905,1.513,109.55841,22.43481
2023-06-01,5.938,1.526,109.7742,22.16548
2023-06-02,6.027,1.568,112.82731,23.06024
2023-06-05,6.061,1.558,111.84464,22.9495
2023-06-06,6.108,1.582,112.12682,23.52136
2023-06-07,6.161,1.582,113.14943,23.70918
2023-06-08,6.11,1.576,112.09973,23.28342
2023-06-09,6.075,1.563,112.0728,23.26339
2023-06-12,6.053,1.552,112.84514,23.31333
2023-06-13,6.096,1.568,112.50891,23.29082
2023-06-14,6.108,1.574,111.45333,22.93816
2023-06-15,6.094,1.538,112.0166,22.99202
2023-06-16,6.118,1.539,111.68629,22.75669
2023-06-19,6.15,1.535,111.68629,22.75669
2023-06-20,6.152,1.543,111.74441,22.63426
2023-06-21,6.181,1.515,111.57103,22.3973
2023-06-22,6.067,1.47,109.62067,21.95869
2023-06-23,6.022,1.452,109.33932,21.85211
2023-06-26,6.041,1.449,109.4089,22.07986
2023-06-27,6.103,1.463,109.17647,22.14902
2023-06-28,6.133,1.483,109.57464,22.19323
2023-06-29,6.188,1.513,113.61692,22.70279
2023-06-30,6.217,1.534,114.37559,22.56213
2023-07-03,6.276,1.556,115.46822,22.99756
2023-07-04,6.247,1.526,115.46822,22.99756
2023-07-05,6.219,1.5,113.81807,22.88322
2023-07-06,6.104,1.467,112.52455,22.22048
2023-07-07,6.099,1.487,112.33559,22.20406
2023-07-10,6.069,1.487,112.99237,22.31045
2023-07-11,6.009,1.499,114.07568,22.45609
2023-07-12,6.158,1.548,113.99661,22.59157
2023-07-13,6.142,1.557,113.5199,22.62468
2023-07-14,6.131,1.551,114.2149,22.19934
2023-07-17,6.179,1.561,117.30784,22.48566
2023-07-18,6.237,1.594,117.88262,23.55198
2023-07-19,6.288,1.643,119.49028,24.42482
2023-07-20,6.4,1.644,121.48915,24.65572
2023-07-21,6.42,1.633,120.49926,24.86974
2023-07-24,6.427,1.644,123.12968,25.4442
2023-07-25,6.443,1.635,121.77357,24.96506
2023-07-26,6.441,1.641,122.15254,25.09485
2023-07-27,6.423,1.554,121.50144,24.88124
2023-07-28,6.468,1.557,121.89078,24.78055
2023-07-31,6.463,1.55,122.84959,24.88723
2023-08-01,6.549,1.514,123.17217,24.77862
2023-08-02,6.369,1.465,122.11221,24.50888
2023-08-03,6.392,1.492,122.92633,24.69534
2023-08-04,6.364,1.507,122.06228,24.48756
2023-08-07,6.441,1.508,122.70841,24.95499
2023-08-08,6.346,1.471,122.42205,24.55823
2023-08-09,6.36,1.489,120.87558,24.25529
2023-08-10,6.32,1.48,120.76125,24.33155
2023-08-11,6.248,1.466,121.70042,24.65527
2023-08-14,6.215,1.459,121.89494,24.36009
2023-08-15,6.003,1.435,118.53977,23.53034
2023-08-16,5.898,1.45,117.95335,23.00322
2023-08-17,5.924,1.454,116.48119,22.94671
2023-08-18,5.839,1.442,116.88505,22.84033
2023-08-21,5.833,1.437,117.17488,22.8502
2023-08-22,5.806,1.427,114.94307,22.33216
2023-08-23,5.848,1.43,115.84781,22.36459
2023-08-24,5.891,1.445,116.62706,22.6711
2023-08-25,5.878,1.44,116.87331,22.65141
2023-08-28,5.878,1.44,117.1576,22.83446
2023-08-29,5.957,1.5,117.87639,23.1141
2023-08-30,5.907,1.49,116.51463,22.83737
2023-08-31,5.831,1.474,115.55713,22.64076
2023-09-01,5.883,1.491,116.62563,23.0201
2023-09-04,5.858,1.508,116.62563,23.0201
2023-09-05,5.875,1.496,115.44884,22.77968
2023-09-06,5.853,1.492,115.94945,22.70837
2023-09-07,5.847,1.48,115.20641,22.5491
2023-09-08,5.844,1.482,115.41486,22.75718
2023-09-11,5.9,1.499,115.36496,22.74397
2023-09-12,5.973,1.536,117.27841,23.21686
2023-09-13,6.11,1.572,117.17487,23.11325
2023-09-14,6.269,1.601,120.22716,23.52183
2023-09-15,6.293,1.615,120.00806,23.25806
2023-09-18,6.23,1.588,120.30658,23.2029
2023-09-19,6.307,1.592,120.23089,23.12909
2023-09-20,6.334,1.596,119.43304,22.99267
2023-09-21,6.361,1.567,119.6552,22.81044
2023-09-22,6.431,1.553,118.94385,22.55958
2023-09-25,6.386,1.536,119.92303,22.60072
2023-09-26,6.392,1.597,119.07814,22.32356
2023-09-27,6.399,1.581,120.23093,22.49072
2023-09-28,6.449,1.591,120.97541,22.59016
2023-09-29,6.449,1.589,118.81042,22.43159
2023-10-02,6.398,1.558,118.73968,22.05154
2023-10-03,6.452,1.543,118.18634,21.45756
2023-10-04,6.405,1.539,117.96412,21.34628
2023-10-05,6.445,1.525,117.32348,21.39573
2023-10-06,6.547,1.548,118.60389,21.30947
2023-10-09,6.45,1.52,118.68339,21.56911
2023-10-10,6.578,1.568,118.50134,21.97543
2023-10-11,6.59,1.572,118.85013,21.97284
2023-10-12,6.579,1.523,119.5066,22.04737
2023-10-13,6.526,1.531,121.94117,22.04828
2023-10-16,6.513,1.533,121.18852,22.12295
2023-10-17,6.53,1.548,121.00558,22.6542
2023-10-18,6.503,1.516,120.06089,22.47182
2023-10-19,6.412,1.478,119.3445,22.14556
2023-10-20,6.159,1.449,117.6156,21.64719
2023-10-23,6.125,1.44,115.25257,20.90077
2023-10-24,6.128,1.346,116.1033,20.94745
2023-10-25,6.151,1.332,115.77472,21.06869
2023-10-26,6.091,1.322,116.28253,21.57786
2023-10-27,6.01,1.292,111.84471,20.74679
2023-10-30,5.873,1.307,113.05636,21.13534
2023-10-31,5.923,1.316,114.47152,21.68258
2023-11-01,5.901,1.293,114.68428,21.79117
2023-11-02,6.013,1.332,115.90853,22.63749
2023-11-03,6.022,1.363,115.47158,22.94897
2023-11-06,6.093,1.363,116.46593,22.90033
2023-11-07,6.083,1.362,117.34844,22.94654
2023-11-08,6.073,1.36,117.73511,22.68955
2023-11-09,6.031,1.37,117.62452,22.44232
2023-11-10,5.992,1.356,119.85758,22.65695
2023-11-13,6.079,1.367,118.82948,22.57907
2023-11-14,6.049,1.385,118.81854,23.3891
2023-11-15,6.17,1.399,120.53449,23.84287
2023-11-16,6.088,1.39,121.89135,23.77465
2023-11-17,6.154,1.428,122.88517,24.10743
2023-11-20,6.162,1.425,122.62219,24.00608
2023-11-21,6.133,1.417,121.91759,23.63912
2023-11-22,6.067,1.4,122.87042,23.74389
2023-11-23,6.117,1.402,122.87042,23.74389
2023-11-24,6.095,1.416,121.77982,23.58027
2023-11-27,6.074,1.402,121.54078,23.45287
2023-11-28,6.072,1.401,120.97384,23.26662
2023-11-29,5.948,1.403,121.53095,23.8699
2023-11-30,6.021,1.41,123.6767,24.16006
2023-12-01,6.041,1.424,123.5447,24.38755
2023-12-04,6.041,1.43,125.17034,24.41768
2023-12-05,6.034,1.395,125.42279,24.27948
2023-12-06,6.147,1.402,124.24291,24.26675
2023-12-07,6.124,1.401,124.40689,24.32754
2023-12-08,6.192,1.433,126.35103,24.67719
2023-12-11,6.164,1.425,126.86389,24.59931
2023-12-12,6.188,1.417,127.95536,24.50379
2023-12-13,6.172,1.411,128.76559,25.61561
2023-12-14,6.163,1.5,128.27753,26.54881
2023-12-15,6.09,1.466,130.04093,26.4442
2023-12-18,6.128,1.465,131.37596,26.42061
2023-12-19,6.131,1.477,132.26288,26.31124
2023-12-20,6.194,1.516,131.45225,26.02999
2023-12-21,6.225,1.514,132.26469,26.21605
2023-12-22,6.278,1.518,131.71768,26.30419
2023-12-25,6.278,1.518,131.71768,26.30419
2023-12-26,6.278,1.518,132.51751,26.64673
2023-12-27,6.315,1.537,132.44722,26.45817
2023-12-28,6.316,1.535,133.68396,26.59549
2023-12-29,6.355,1.538,133.27588,26.38094